{
    "loss": 0.3902510106563568,
    "accuracy": 0.9615384340286255
}