{
    "loss": 0.5111710429191589,
    "accuracy": 0.8269230723381042
}