{
    "loss": 0.3792298436164856,
    "accuracy": 0.9615384340286255
}